s_id,name,program
1,Cynthia Johnson,Business Administration
2,Amber Perez,Biotechnology
3,Brad Clark,Business Administration
4,Terry Kelly,Biotechnology
5,Margaret Watson,Biotechnology
6,Robert Sanchez,Mathematics
7,Edward Pena,Business Administration
8,Andrew Cox,Computer Science
9,Matthew Davis,Mathematics
10,Tristan Mercado,Psychology
11,Maria Brown,Psychology
12,Charles Torres,Business Administration
13,Rebecca Navarro,Business Administration
14,Clarence Smith,Biotechnology
15,James Herrera,Psychology
16,Rebecca Little,Mathematics
17,Destiny Shaw,Computer Science
18,Michael Keller,Biotechnology
19,Matthew Flores,Psychology
20,Susan Kim,Mathematics
21,Luis Mendoza,Computer Science
22,Margaret Yang,Biotechnology
23,Joshua Stevens,Mechanical Engineering
24,Duane Russell,Mathematics
25,Katherine Thompson,Mechanical Engineering
26,Mallory Suarez,Mathematics
27,Megan Martinez DDS,Business Administration
28,Brad Ortiz,Mathematics
29,Paul Glover,Psychology
30,Breanna Gomez,Mechanical Engineering
31,Maria Collins,Business Administration
32,Wendy Brown,Computer Science
33,Julia Knight,Psychology
34,Dr. David Mcfarland,Biotechnology
35,Susan Thomas,Psychology
36,Todd Kelly,Computer Science
37,Joshua Moore,Mathematics
38,Timothy Noble,Mechanical Engineering
39,Mrs. Stephanie Berry MD,Mechanical Engineering
40,Amber Flores,Biotechnology
41,Chris Conner,Business Administration
42,Teresa Gray,Business Administration
43,Kyle Tate,Business Administration
44,Leah Smith,Psychology
45,Bridget Ballard,Computer Science
46,Stephanie Young,Computer Science
47,Carl Wilson,Mechanical Engineering
48,Derrick Kelley,Mechanical Engineering
49,Eric Liu,Business Administration
50,Kathryn Raymond,Mechanical Engineering
51,Zachary Ferguson,Mechanical Engineering
52,Luis Jones,Mathematics
53,Dr. Stephanie Evans,Mechanical Engineering
54,Tammy Johnson,Computer Science
55,Nicole Fuller,Computer Science
56,Brittany Warner,Computer Science
57,Richard Terry,Biotechnology
58,Mary Savage,Computer Science
59,Kyle Keller,Biotechnology
60,Jesus Hall,Mechanical Engineering
61,Felicia Roberts,Biotechnology
62,Sarah Bailey,Mathematics
63,Brandon Ryan,Computer Science
64,Stephen Morgan,Psychology
65,Colleen Adams,Psychology
66,Tanya Cooper,Mathematics
67,Daniel Brown,Business Administration
68,Douglas Alexander,Mathematics
69,Jessica Mercado,Computer Science
70,Zachary Brewer,Business Administration
71,Robin Ross,Business Administration
72,Kevin Mcintyre,Psychology
73,Paul Anderson,Psychology
74,Lawrence Robinson,Computer Science
75,Sharon Kim,Mathematics
76,Jeffrey Lin,Computer Science
77,Ann Thomas,Computer Science
78,Heather Garcia,Psychology
79,Elizabeth Horn,Business Administration
80,Crystal Ball,Mechanical Engineering
81,Julie Williams,Mathematics
82,Mark Lawrence,Business Administration
83,Willie Fuentes,Mechanical Engineering
84,Stephen Miller,Mathematics
85,James Guerra,Computer Science
86,Beth Gonzales,Computer Science
87,Timothy Morris,Psychology
88,Misty Moss,Computer Science
89,Cassandra Young MD,Mechanical Engineering
90,Jon Gonzalez,Computer Science
91,Dana Kim,Mechanical Engineering
92,Jonathan Stone,Computer Science
93,Brittany Powers,Mathematics
94,Melissa Lee,Biotechnology
95,Tracey Smith,Business Administration
96,Miss Melanie Wright MD,Computer Science
97,Teresa Campos,Business Administration
98,Heather Hampton,Business Administration
99,Miss Abigail George,Biotechnology
100,Sabrina Simon,Biotechnology
101,Edward Parker,Mechanical Engineering
102,Pamela Mendoza,Biotechnology
103,Deborah Wallace,Computer Science
104,Megan Weaver,Computer Science
105,Jordan Frost,Mechanical Engineering
106,Theresa Pierce,Business Administration
107,Ashley George,Psychology
108,Zachary Carson,Psychology
109,Samantha Jensen,Psychology
110,Julie Castro,Business Administration
111,Robert Mitchell,Business Administration
112,Elizabeth Williams,Computer Science
113,Robert Christian,Mathematics
114,Toni Jackson,Business Administration
115,Jennifer Williams,Computer Science
116,Christina Logan,Biotechnology
117,Jonathan Chandler,Mechanical Engineering
118,Oscar Payne,Biotechnology
119,Carol White,Psychology
120,Ricky Armstrong,Computer Science
121,Sylvia Higgins,Computer Science
122,Danielle Gray,Psychology
123,Marcia Anderson,Mechanical Engineering
124,Charles Raymond,Mathematics
125,Mary Johnson,Mathematics
126,Dean Monroe,Mechanical Engineering
127,Brendan Hernandez,Psychology
128,Nancy Jones,Business Administration
129,Chris Martinez,Psychology
130,Susan Burke,Psychology
131,Jennifer Novak,Computer Science
132,Angela Medina,Business Administration
133,Christopher Moore,Computer Science
134,Kelly Hansen,Psychology
135,Sherri Jones,Computer Science
136,Corey Young,Psychology
137,Stephanie Johnson,Biotechnology
138,Jason Shepard,Mathematics
139,Beth Miller,Biotechnology
140,Cameron Higgins,Biotechnology
141,Eric Brown,Biotechnology
142,Catherine Austin,Psychology
143,Caitlin Johnson,Mechanical Engineering
144,Matthew Mueller,Computer Science
145,Ariel Snyder,Computer Science
146,Carrie Perkins,Business Administration
147,Daniel Jenkins,Business Administration
148,John Kidd,Mechanical Engineering
149,Eric Pham,Biotechnology
150,Mindy Burch,Psychology
151,Daniel Clark,Mechanical Engineering
152,Megan Powell,Psychology
153,Adrienne Walton,Biotechnology
154,Diana Rivera,Biotechnology
155,Kara Blevins,Business Administration
156,Jerry Maldonado,Mechanical Engineering
157,Kenneth Callahan,Biotechnology
158,Laura Thompson,Psychology
159,Thomas Lewis,Mathematics
160,Angel Schneider,Business Administration
161,Jesse Horton,Biotechnology
162,Sabrina Wallace,Business Administration
163,Rachel Shaw,Biotechnology
164,Matthew Young,Mechanical Engineering
165,Veronica Park,Computer Science
166,Stephanie Ingram,Biotechnology
167,Jessica Evans,Mechanical Engineering
168,Natasha Dean,Psychology
169,Joanne Mills,Psychology
170,Lisa Robinson,Biotechnology
171,Victoria Valencia,Business Administration
172,Emily Williams,Mathematics
173,Andrew Burgess,Computer Science
174,Ashley Deleon,Mathematics
175,Richard Jones,Computer Science
176,Darren Mooney,Computer Science
177,Rachel Moore,Mathematics
178,Allen Stewart,Biotechnology
179,Ashley Scott,Computer Science
180,Danielle Henry,Computer Science
181,Charles Dean,Psychology
182,Curtis Moore,Psychology
183,Kathryn Roberts,Business Administration
184,Judith Valdez,Mathematics
185,Brenda Gross,Mechanical Engineering
186,Yvette Russell,Mathematics
187,Kelly Wilcox,Business Administration
188,Derrick Dunn,Biotechnology
189,Vincent Shepherd,Business Administration
190,Charles Estes,Mechanical Engineering
191,Michael Gibson,Computer Science
192,Matthew Tran,Psychology
193,Caroline Ramos,Mathematics
194,Cheryl Morris,Psychology
195,Leon Sellers,Mechanical Engineering
196,Patricia Mccann,Computer Science
197,Haley Townsend,Business Administration
198,Cindy Smith,Computer Science
199,Curtis Glover,Psychology
200,Darrell Jones,Mechanical Engineering
201,Michael Burton,Mathematics
202,Todd Russell,Mathematics
203,Blake Braun,Computer Science
204,Juan Joseph,Business Administration
205,Mr. Scott Jackson MD,Psychology
206,Miguel Anderson,Biotechnology
207,Linda Walker,Biotechnology
208,Julia Blanchard,Business Administration
209,Xavier Jones,Business Administration
210,Anthony Peters,Mathematics
211,Jack Martinez,Biotechnology
212,Leslie Stout,Mechanical Engineering
213,Dr. Charles Taylor,Mathematics
214,John Williams,Biotechnology
215,Nancy Owen,Biotechnology
216,Cheryl Fletcher,Mathematics
217,Jessica Garcia,Mathematics
218,Michael Stewart,Mathematics
219,John Jackson,Mathematics
220,Crystal Kim,Biotechnology
221,Richard Anderson,Business Administration
222,Robert Lopez DVM,Computer Science
223,Connie Franklin,Computer Science
224,Daniel Obrien,Business Administration
225,James Morrison,Psychology
226,Justin Luna,Business Administration
227,Mark Jones,Computer Science
228,Lisa Garza,Business Administration
229,Stephanie Lester,Mechanical Engineering
230,Sarah Miller,Computer Science
231,Jack Willis,Mechanical Engineering
232,Mrs. Christine Johnson MD,Business Administration
233,Laura Ayala,Biotechnology
234,Brian Johnson,Mechanical Engineering
235,Elizabeth Roberson MD,Computer Science
236,Mark Knight,Psychology
237,Caroline Smith,Mathematics
238,Kathryn Smith DVM,Business Administration
239,Michael Warren,Mechanical Engineering
240,April Stewart,Business Administration
241,Douglas Gardner,Mathematics
242,Stanley Hensley,Business Administration
243,Stephen Johnson,Business Administration
244,Ashley Lewis,Psychology
245,Jason Gonzalez,Business Administration
246,Taylor Berry,Mechanical Engineering
247,Jenna Cannon,Business Administration
248,Carlos Nelson,Business Administration
249,Christopher Brown,Business Administration
250,Maria Alvarez,Mechanical Engineering
251,Vincent Reyes,Psychology
252,Jerry Chavez,Mathematics
253,Derek Horn,Mechanical Engineering
254,Megan Newton,Computer Science
255,Debra Baker,Computer Science
256,Aaron Patterson,Biotechnology
257,Kathleen Bell,Mechanical Engineering
258,Michelle Perez,Mechanical Engineering
259,Lawrence Watkins,Biotechnology
260,Brian Flores,Computer Science
261,Jeffrey Wolfe,Business Administration
262,Jason Rodriguez,Mechanical Engineering
263,Kevin Tanner,Mechanical Engineering
264,Barbara Ortiz,Mathematics
265,Nancy Sullivan,Mechanical Engineering
266,Ryan Young,Business Administration
267,Tonya Hernandez,Mechanical Engineering
268,Shane Monroe,Computer Science
269,Patrick Castillo,Computer Science
270,John Brown,Psychology
271,Lisa Goodman,Psychology
272,Anthony Rogers,Psychology
273,Ashley Martin,Mechanical Engineering
274,Stephanie Rodriguez,Psychology
275,Richard Thomas,Computer Science
276,Walter Burch,Mechanical Engineering
277,Robert Mckenzie,Mathematics
278,Miranda Flowers,Mechanical Engineering
279,Lisa Bell,Computer Science
280,Tina Lane,Mechanical Engineering
281,Jennifer Taylor,Business Administration
282,Alison Wells,Psychology
283,Jeremy Greer,Business Administration
284,Patricia Waters,Biotechnology
285,David Chandler,Psychology
286,Natalie Barker,Mathematics
287,Christopher Pena,Business Administration
288,Stephen Huerta,Mechanical Engineering
289,John Smith,Business Administration
290,Jeffrey Gilbert,Mechanical Engineering
291,Edwin Norris,Business Administration
292,Robert Schneider,Biotechnology
293,Kim Sanders,Computer Science
294,Rebecca Murphy,Biotechnology
295,Dr. Clayton Montgomery,Psychology
296,David Hernandez,Mechanical Engineering
297,Michael Davis,Computer Science
298,Katrina Bradshaw,Business Administration
299,Tommy Lynn,Business Administration
300,Shawn Page,Biotechnology
301,Jamie Page,Mechanical Engineering
302,Tamara Allen,Mathematics
303,Brenda Johnson,Computer Science
304,Angelica Williams,Mechanical Engineering
305,Sarah Ruiz,Psychology
306,Craig Cruz,Computer Science
307,Travis Porter,Psychology
308,Brandy Rios,Psychology
309,Peter Ward,Psychology
310,Adam Haynes,Psychology
311,Kendra Thomas,Mathematics
312,Michael Bush,Mathematics
313,Kelly Nguyen,Mechanical Engineering
314,Emily Chapman,Computer Science
315,Michelle Smith,Mechanical Engineering
316,Vanessa Ford,Biotechnology
317,Beth Gomez,Computer Science
318,James Perry,Mechanical Engineering
319,Andrea Martin,Business Administration
320,Amy Ramirez,Mechanical Engineering
321,Jessica Baxter,Psychology
322,Richard Kim,Mathematics
323,Shannon Ortiz,Business Administration
324,Dawn Griffith,Business Administration
325,Corey Jimenez,Computer Science
326,Monica Martin,Computer Science
327,David Jackson,Psychology
328,Amber Bryant,Psychology
329,Joseph Myers,Mechanical Engineering
330,Brian Dean,Psychology
331,Andrew Lewis,Business Administration
332,Eric Thomas,Psychology
333,Eric Garcia,Biotechnology
334,Lisa Harper,Computer Science
335,Deanna Jennings,Mechanical Engineering
336,Molly Mullen,Business Administration
337,Kathleen Beard,Psychology
338,Brandon Davis,Computer Science
339,Andre Adkins,Biotechnology
340,Thomas Wilson,Biotechnology
341,Kimberly Norman,Business Administration
342,Melanie Patterson,Business Administration
343,Traci Smith,Business Administration
344,Katherine Richardson,Mathematics
345,Leslie Pugh,Mechanical Engineering
346,Benjamin Olson,Biotechnology
347,Taylor Harper,Mechanical Engineering
348,Victor Mendoza,Computer Science
349,Allen Charles,Business Administration
350,Molly Golden,Mechanical Engineering
351,Erin Lawrence,Biotechnology
352,Casey Robbins,Mechanical Engineering
353,Seth Hernandez,Psychology
354,Taylor Cochran,Psychology
355,Austin Adams,Mathematics
356,Richard Schneider,Biotechnology
357,Michael Morgan,Business Administration
358,Ryan Martinez,Business Administration
359,Joel Larson,Mathematics
360,Holly Thornton,Psychology
361,Robin Lopez,Computer Science
362,James Hogan,Psychology
363,Helen Jennings,Biotechnology
364,Daniel Hamilton,Biotechnology
365,Ashley Baker,Mathematics
366,Christy Davis,Business Administration
367,Eric Reid,Computer Science
368,Robert Martinez,Mathematics
369,Jennifer Martinez,Mechanical Engineering
370,Michael Brock,Biotechnology
371,Jeffrey Fuentes,Biotechnology
372,Javier Haas MD,Mechanical Engineering
373,April Campbell,Business Administration
374,Joseph Santana,Mathematics
375,Calvin Grant,Mechanical Engineering
376,Thomas Lopez,Psychology
377,Raymond Hughes,Biotechnology
378,Brenda Gonzalez,Business Administration
379,Melissa Stanley,Business Administration
380,Tom Vaughan,Biotechnology
381,David Walker,Psychology
382,Mr. Christopher Little,Computer Science
383,Patrick Medina,Mechanical Engineering
384,Gregory Vega,Computer Science
385,Tina Gordon,Mechanical Engineering
386,Chad Burgess,Psychology
387,Connie Davis,Psychology
388,Reginald Smith,Business Administration
389,Rachel Brown,Psychology
390,Jason Hernandez,Computer Science
391,Joseph Lynch,Psychology
392,Marcus Griffin,Business Administration
393,Danielle Gates,Computer Science
394,Jose Copeland,Biotechnology
395,Vickie Lopez,Biotechnology
396,Jim Bruce,Psychology
397,Douglas Chaney,Mathematics
398,Daniel Chen,Psychology
399,Craig Mitchell,Mechanical Engineering
400,Sharon Lopez,Biotechnology
401,Rachel May,Mechanical Engineering
402,Claudia Flores,Business Administration
403,Deborah Hill,Mathematics
404,William Thomas,Mechanical Engineering
405,Stacy Hill,Mechanical Engineering
406,Rachel Spence,Biotechnology
407,Emily Cooper,Mechanical Engineering
408,Laura White,Biotechnology
409,Jerry Bentley,Mathematics
410,Jeanette Jones,Mathematics
411,Christina Mitchell,Business Administration
412,Steven Clark,Mechanical Engineering
413,Alexander Sanchez,Mathematics
414,Jessica Lee,Business Administration
415,Jordan Davis,Mechanical Engineering
416,Darrell Matthews,Mechanical Engineering
417,Jennifer Nicholson,Computer Science
418,Mr. Benjamin Chen Jr.,Psychology
419,John Banks,Psychology
420,Jacqueline Hayden,Biotechnology
421,Connie Johnson,Mathematics
422,Ashley Johnson,Computer Science
423,Keith Beck,Computer Science
424,Whitney Miller,Computer Science
425,Morgan Wood,Mechanical Engineering
426,Allison Hines,Psychology
427,Sherry Livingston,Biotechnology
428,Wendy Meza,Biotechnology
429,Jennifer Harris,Biotechnology
430,Michael Ruiz,Biotechnology
431,Jonathan Kent,Business Administration
432,Todd Campbell,Mechanical Engineering
433,Jacqueline Martin,Psychology
434,Melissa Blevins,Computer Science
435,Dean Cook,Mathematics
436,Joseph Cochran,Mathematics
437,Daniel Mays,Psychology
438,Carol Green,Computer Science
439,Nicole Guerrero,Business Administration
440,Justin Bullock,Mechanical Engineering
441,Belinda Rodriguez,Mechanical Engineering
442,Rachel Webb,Business Administration
443,Wesley Davis,Mathematics
444,Stephanie Garcia,Computer Science
445,Amy Wright,Computer Science
446,James Murphy,Mathematics
447,Tracy Price,Computer Science
448,Walter Rogers,Business Administration
449,Alicia Richardson,Computer Science
450,Kylie Casey,Business Administration
451,Jackson Lee,Psychology
452,Bridget Martin,Mechanical Engineering
453,Natasha Snow,Business Administration
454,Kelly Clark,Psychology
455,Steve Burnett,Business Administration
456,Michele Brooks,Business Administration
457,Brittany Romero,Mechanical Engineering
458,James Wilkerson,Computer Science
459,Cindy Mosley MD,Biotechnology
460,Tammy Hopkins,Psychology
461,Amy Anderson,Mechanical Engineering
462,Matthew Rose,Computer Science
463,Brian Gonzalez,Psychology
464,Morgan Kelley,Business Administration
465,Peter Clark,Mechanical Engineering
466,Tammy Hubbard,Computer Science
467,Lisa Morrison,Psychology
468,Dr. Morgan Lewis,Psychology
469,Miguel Howell,Mechanical Engineering
470,Summer Lee,Computer Science
471,Andrew Kramer,Mechanical Engineering
472,Jodi Jones,Business Administration
473,Antonio Jenkins,Business Administration
474,Susan Sanders,Biotechnology
475,Alfred Johnson,Biotechnology
476,Mary Johnson,Biotechnology
477,Jacob Kaufman,Mechanical Engineering
478,James Barnes,Mathematics
479,Mary Bentley,Mathematics
480,Brian Lowe,Psychology
481,Tamara Graves,Mechanical Engineering
482,Mrs. Candace Hawkins,Computer Science
483,Jamie Diaz,Mathematics
484,Aaron Franklin,Business Administration
485,Jessica Schneider,Psychology
486,Nicholas Potts,Business Administration
487,Tiffany Brown,Biotechnology
488,Harold Williams,Business Administration
489,Jasmine Sharp,Business Administration
490,Samantha Rose,Mechanical Engineering
491,Mary Liu,Biotechnology
492,Stephanie Hammond,Computer Science
493,Amanda Carr,Business Administration
494,Shari Cooper,Biotechnology
495,Christopher Johnson,Business Administration
496,David Villanueva,Psychology
497,Joann Hood,Computer Science
498,Brandi Clarke,Biotechnology
499,Tyrone Thomas,Computer Science
500,Leah Miller,Business Administration
501,Jessica Schroeder,Mechanical Engineering
502,Michael Barker,Business Administration
503,Veronica Alvarez,Psychology
504,Melissa Ryan,Computer Science
505,Lisa Davis,Mathematics
506,Aaron Parrish,Biotechnology
507,Latasha Arellano,Business Administration
508,Julie Mitchell,Computer Science
509,Juan Richardson,Computer Science
510,Todd Steele,Computer Science
511,Jessica Harvey,Psychology
512,Ashley Lowery,Mechanical Engineering
513,Joseph Jones,Psychology
514,Dr. Vanessa Nelson,Business Administration
515,Kevin Newton,Mechanical Engineering
516,Ronnie Hernandez,Mechanical Engineering
517,Jason Guerrero,Biotechnology
518,Amy Cross,Psychology
519,Felicia Hughes,Mathematics
520,Laura Freeman PhD,Biotechnology
521,Daniel Ramos,Computer Science
522,Paula Williams,Biotechnology
523,Laura Hernandez,Computer Science
524,Michael Phillips,Business Administration
525,Victor Contreras,Computer Science
526,William Sanchez,Mechanical Engineering
527,Kathryn Wilson,Computer Science
528,Jeffrey White,Biotechnology
529,Mark Hutchinson,Mathematics
530,Jaime Collins,Mechanical Engineering
531,April Watson,Computer Science
532,Michael Fleming,Business Administration
533,Cheryl Moreno,Psychology
534,Kevin Elliott Jr.,Mathematics
535,Eileen Nichols,Psychology
536,Vanessa Delgado,Mechanical Engineering
537,Howard Davis,Biotechnology
538,Alexa Obrien,Psychology
539,Darren Robinson,Psychology
540,Joseph Patterson,Psychology
541,Brian Hancock,Mathematics
542,Jeffrey Allen,Computer Science
543,Cody Miller,Psychology
544,Robert Gallagher,Psychology
545,Sarah Gonzalez,Biotechnology
546,Scott Ramirez,Business Administration
547,Lisa Osborn,Biotechnology
548,Melissa Chandler,Business Administration
549,David Mccoy,Psychology
550,Gina Sanchez,Mechanical Engineering
551,Susan Rivera,Computer Science
552,Sharon Mays,Biotechnology
553,Brandon Ruiz,Mathematics
554,James Colon,Biotechnology
555,Jordan Johns,Biotechnology
556,Courtney Love,Psychology
557,Nicholas Baker,Mathematics
558,Jason Singh,Mechanical Engineering
559,Katherine Velazquez,Mathematics
560,Tiffany Ramirez,Business Administration
561,Brent Benitez,Business Administration
562,Aaron Perez,Mathematics
563,Timothy White,Biotechnology
564,Christopher Fuller,Computer Science
565,Kurt Wilson,Biotechnology
566,Patrick Romero,Mathematics
567,Jamie Ruiz,Business Administration
568,Nicholas Collins,Biotechnology
569,Raymond Vang,Computer Science
570,Courtney Peters,Computer Science
571,Douglas Griffin,Mathematics
572,Christopher Davis,Psychology
573,Laurie Valencia,Mechanical Engineering
574,Jeremy Stuart,Computer Science
575,Christopher Jones,Psychology
576,Rodney Frost,Biotechnology
577,Thomas Miller,Computer Science
578,Tami Harvey,Mathematics
579,Michelle Moody,Computer Science
580,Tracey Lee,Business Administration
581,Anthony Quinn,Mathematics
582,David Moss,Biotechnology
583,Beth Cline,Business Administration
584,Joseph Pruitt,Psychology
585,Jacqueline Mendez,Mathematics
586,Ashlee Williams,Mathematics
587,Todd Martinez,Psychology
588,Dr. Marilyn Hamilton DDS,Mathematics
589,Jeffery Barr,Business Administration
590,Michael Garza,Mechanical Engineering
591,Brooke Smith,Mechanical Engineering
592,Robin Arnold,Mechanical Engineering
593,Whitney Parsons,Mathematics
594,Christopher Taylor,Mathematics
595,Joshua Bond,Psychology
596,Jill Tran,Computer Science
597,Stephanie Davis,Computer Science
598,Norma Baker,Computer Science
599,Gary Duncan,Computer Science
600,Karen Nelson,Business Administration
601,Joseph Greene,Psychology
602,Elizabeth Jones,Mechanical Engineering
603,Terry Medina,Mathematics
604,Timothy Pace,Mathematics
605,Stephen Gonzalez,Biotechnology
606,Steven Douglas,Mechanical Engineering
607,Andrea Brown,Business Administration
608,Jacqueline Mccarthy,Biotechnology
609,Michael Mcgrath,Psychology
610,Danielle Vance,Mechanical Engineering
611,Travis Burton,Psychology
612,Joan Scott,Business Administration
613,Rebecca Holloway,Psychology
614,Kenneth Snyder,Business Administration
615,Kelly Yang,Psychology
616,Jessica Spencer,Mathematics
617,Deanna Larson,Biotechnology
618,Mary Griffith,Computer Science
619,Philip Morrison,Mechanical Engineering
620,Edward Robinson,Biotechnology
621,Matthew Roach,Computer Science
622,Laura Pearson,Computer Science
623,Alexa Chavez,Business Administration
624,Cynthia Wilson,Computer Science
625,Amanda Stanley,Computer Science
626,Kimberly Gonzalez,Business Administration
627,Deborah Anderson,Computer Science
628,Melissa Young,Psychology
629,Marie Butler,Biotechnology
630,Tanya Harmon,Computer Science
631,Veronica Gomez,Computer Science
632,Regina Smith,Computer Science
633,Lisa Mitchell,Psychology
634,Dr. Danny Kaiser,Mathematics
635,Jessica Kelly DVM,Computer Science
636,Kevin Campbell,Computer Science
637,Jillian Walter,Business Administration
638,Ashley Figueroa,Psychology
639,Elizabeth Mitchell,Biotechnology
640,Kathryn Mcmillan,Computer Science
641,David Franklin,Business Administration
642,Daniel Wallace,Mathematics
643,Jasmine Morgan,Psychology
644,Angela Griffith,Mechanical Engineering
645,Angela Garcia,Business Administration
646,Courtney Schmidt,Mechanical Engineering
647,Sandra Lopez,Business Administration
648,Lisa Gibson,Psychology
649,Beth Gardner,Business Administration
650,Lucas Brown,Business Administration
651,Diana Andersen,Business Administration
652,Cassandra Russell,Psychology
653,Thomas Sanchez,Psychology
654,Sherry Estes,Biotechnology
655,Holly Medina MD,Mechanical Engineering
656,Eric Rubio,Business Administration
657,John Stephens III,Mechanical Engineering
658,Michael Robinson,Mathematics
659,Sarah Walsh,Mechanical Engineering
660,Michael Morris,Computer Science
661,James Mayo,Biotechnology
662,Matthew Watson,Mechanical Engineering
663,Barbara Vargas,Psychology
664,Marcus Rose,Computer Science
665,Peter Harmon,Biotechnology
666,Marie Boyd,Mathematics
667,Louis Baker,Computer Science
668,Russell Smith,Mechanical Engineering
669,John Martin,Computer Science
670,Bradley Valencia,Psychology
671,Charles Jackson,Business Administration
672,Holly Flores,Biotechnology
673,Keith Butler,Biotechnology
674,Mark Kelly,Biotechnology
675,Brian Brown,Psychology
676,Megan Vaughn DDS,Psychology
677,Natalie Taylor,Biotechnology
678,Brian Moore,Business Administration
679,Timothy Combs,Business Administration
680,Diane James,Psychology
681,Eileen Hess,Mechanical Engineering
682,Alec Sawyer,Biotechnology
683,Patrick Merritt,Computer Science
684,Noah Ashley,Mathematics
685,Donna Bauer,Mathematics
686,Michael Brooks,Computer Science
687,Kathryn Reyes,Business Administration
688,Kevin Bates,Mathematics
689,Kathleen Clark,Business Administration
690,Sabrina Mcfarland,Business Administration
691,Maria Guzman,Mathematics
692,Tammy Harvey,Mathematics
693,John Mendez,Biotechnology
694,Brendan Jackson,Biotechnology
695,Mitchell Brown,Biotechnology
696,Jennifer Johnson,Mathematics
697,Sandra Roberts,Business Administration
698,Denise Johnson,Mechanical Engineering
699,Leslie Farmer,Computer Science
700,Amanda Gardner,Business Administration
701,Tara Reynolds,Biotechnology
702,Corey Wilkerson,Computer Science
703,Gerald Murray,Biotechnology
704,Amber Colon,Mathematics
705,Tanya Cunningham MD,Biotechnology
706,Dalton Martin,Business Administration
707,John Campos,Business Administration
708,Rebecca Johnson,Business Administration
709,Angela Doyle,Business Administration
710,Angela Wong DVM,Mechanical Engineering
711,Sherri Garcia,Mechanical Engineering
712,Joann Richard,Mathematics
713,Harry Bell,Psychology
714,Amanda Johnson,Computer Science
715,Steven White,Computer Science
716,James Navarro,Mechanical Engineering
717,Melissa Wilkinson,Psychology
718,Douglas Meza,Mechanical Engineering
719,Ann Charles,Mechanical Engineering
720,Brandon Alvarez PhD,Mechanical Engineering
721,Sarah Hansen,Business Administration
722,Kelly Arnold,Mathematics
723,Luke Bowman,Computer Science
724,Lauren Steele,Mechanical Engineering
725,Jennifer Webster,Mathematics
726,Sonya Lopez,Mathematics
727,Kimberly Le,Mechanical Engineering
728,Megan Owens,Biotechnology
729,James Dunlap,Biotechnology
730,Mr. Shawn Cohen Jr.,Computer Science
731,Felicia Lawson,Computer Science
732,Jacqueline Townsend,Mechanical Engineering
733,Jamie Craig,Computer Science
734,James Higgins,Computer Science
735,Jennifer Brown,Mechanical Engineering
736,Felicia Scott,Psychology
737,Gregory Khan,Business Administration
738,James Williams,Computer Science
739,Lori Williams,Mathematics
740,Derek Frazier,Mechanical Engineering
741,Alexis Montgomery,Mechanical Engineering
742,Tammy Smith,Business Administration
743,Anna Evans,Computer Science
744,Jeremiah Moore,Business Administration
745,Jennifer Middleton,Computer Science
746,Jennifer Reese,Mechanical Engineering
747,Grace Wong,Business Administration
748,Melanie Jones,Business Administration
749,Amber Nichols,Mechanical Engineering
750,Matthew Hernandez,Psychology
751,Thomas Burns,Biotechnology
752,Justin Reed,Mechanical Engineering
753,Katie Colon,Mechanical Engineering
754,John Alvarez,Business Administration
755,Christian Gonzalez,Computer Science
756,Stephanie Hall,Mathematics
757,Jonathan Sherman,Computer Science
758,Gabriella Brown,Mechanical Engineering
759,Richard Mayer,Mathematics
760,Joy Orr,Mathematics
761,Angel Vega,Biotechnology
762,Mark Hoffman,Mathematics
763,Katrina Welch,Mechanical Engineering
764,Kristen Smith,Mechanical Engineering
765,Joe Snyder,Business Administration
766,James Knight,Mechanical Engineering
767,Vicki Johnson,Biotechnology
768,James Mccarthy,Business Administration
769,Melissa Martin,Biotechnology
770,Penny Cain,Biotechnology
771,Carlos Ewing,Biotechnology
772,Elizabeth Mata,Mechanical Engineering
773,Peter Simpson,Business Administration
774,Gina Moss,Mechanical Engineering
775,Jason Sparks,Biotechnology
776,Jessica Norman,Psychology
777,Holly Williamson,Business Administration
778,Fred Reese,Biotechnology
779,Alicia Parrish,Computer Science
780,Randy Holland,Biotechnology
781,Melinda White,Biotechnology
782,Cory Reed,Biotechnology
783,Donald Humphrey,Business Administration
784,Kristen Frank,Mathematics
785,William Wang,Psychology
786,Timothy Love,Mechanical Engineering
787,Bryce Sutton,Biotechnology
788,Kenneth Ruiz,Business Administration
789,Tammy Moore,Business Administration
790,Christina Wilson,Mechanical Engineering
791,Nicole Banks,Psychology
792,Jessica Wilson,Computer Science
793,Wyatt White,Computer Science
794,Robert Petersen,Psychology
795,Whitney Shannon,Mathematics
796,James Fernandez,Biotechnology
797,Stephanie Thomas,Mathematics
798,Amanda Jacobs,Psychology
799,Kyle Anderson,Business Administration
800,Denise Garcia,Business Administration
801,Mr. Billy Herring DDS,Business Administration
802,Steven Meyer,Psychology
803,Robert Rice,Mechanical Engineering
804,Derrick Parsons,Business Administration
805,Theresa Taylor,Biotechnology
806,Charles Durham,Computer Science
807,Brandi Vega,Mathematics
808,Jennifer Stuart,Mathematics
809,Adam Diaz,Psychology
810,Samantha Ross,Mathematics
811,Jennifer Chavez,Psychology
812,Kristen Contreras,Mathematics
813,Walter Jefferson,Business Administration
814,Brian Jones,Mathematics
815,Bradley Lopez,Psychology
816,Karina May,Mathematics
817,Julia Fernandez,Biotechnology
818,James Thornton,Business Administration
819,Jacob Castillo,Business Administration
820,Francis Brown,Psychology
821,Noah Price,Mechanical Engineering
822,Travis Daniels,Biotechnology
823,Lindsay Whitney,Computer Science
824,Brian Gonzales,Biotechnology
825,Jesse Palmer,Mathematics
826,Jeffrey Kent,Biotechnology
827,James Miller,Biotechnology
828,Michelle Erickson,Business Administration
829,Robert Reid,Mathematics
830,Meagan Graves,Business Administration
831,Alexander Johnson,Business Administration
832,Kristine Anderson,Mechanical Engineering
833,Emily Watkins,Mathematics
834,Alexander Acosta,Mathematics
835,Erin Carr,Psychology
836,Gabriel Meyers,Mathematics
837,Lauren Ballard,Psychology
838,Mackenzie Gonzalez,Mechanical Engineering
839,Matthew Guzman,Business Administration
840,Sheena Lee,Mechanical Engineering
841,Jonathan Barrett,Business Administration
842,Steven Johnson,Computer Science
843,Tracy Bradley,Mathematics
844,Taylor Mckenzie,Psychology
845,Brian Simon,Computer Science
846,Michael Lee,Computer Science
847,Robert Rogers,Mathematics
848,Mary Zimmerman,Mathematics
849,Jean Sullivan,Computer Science
850,Dennis Alexander,Psychology
851,Greg Thomas,Biotechnology
852,Kimberly Phillips,Computer Science
853,Michael Sutton,Mechanical Engineering
854,Jeffrey Davies,Computer Science
855,Ashley Lara,Biotechnology
856,Gloria Ortiz,Biotechnology
857,Candace Roberts,Business Administration
858,Stacie Hayes,Psychology
859,Elizabeth Johnson,Biotechnology
860,David Williams,Business Administration
861,Angel Vazquez,Mathematics
862,Mathew Norton,Mathematics
863,Linda Morrison,Mathematics
864,Janice Perez,Biotechnology
865,Gloria Hampton,Computer Science
866,Dr. Jose Johnson II,Mechanical Engineering
867,Sarah Dunn,Psychology
868,Rebecca Molina,Computer Science
869,Jennifer Allen,Mechanical Engineering
870,Matthew Lucas,Biotechnology
871,Matthew Simon,Computer Science
872,Morgan Harper,Mathematics
873,Andrea Newton,Mathematics
874,Natalie Hoffman,Mathematics
875,Marie Murray,Business Administration
876,April Norman,Mechanical Engineering
877,David Campbell,Mathematics
878,Keith Carter,Mechanical Engineering
879,Kerry White,Computer Science
880,Jesse Miller,Computer Science
881,Lauren Sullivan,Computer Science
882,Christopher Owens,Mechanical Engineering
883,Katrina Jefferson MD,Business Administration
884,Emily Howard,Mechanical Engineering
885,Katherine Stevens,Psychology
886,Lauren Mays,Computer Science
887,Tony Rivas,Biotechnology
888,Hailey Green,Business Administration
889,Jeffrey Price,Psychology
890,Sabrina Potter,Computer Science
891,Sarah Martinez,Computer Science
892,Kristin Kirk,Business Administration
893,William Hudson,Computer Science
894,Marc Wilson,Business Administration
895,Miranda Ortiz,Mathematics
896,Donna Duncan,Mechanical Engineering
897,Louis Galloway,Business Administration
898,Maria Smith,Business Administration
899,Dr. Shelia Conner,Biotechnology
900,Shelby Smith,Computer Science
901,Timothy Dalton,Psychology
902,Gail Miller,Psychology
903,Kristen Wilcox,Business Administration
904,Steven Moore,Computer Science
905,Kristen Carter,Biotechnology
906,Edward Wilson,Mechanical Engineering
907,Sherry Goodman,Biotechnology
908,Edward Lin,Mathematics
909,Krystal Nelson,Mathematics
910,Christy Sellers,Mechanical Engineering
911,Laura Patterson,Psychology
912,John Petersen,Mathematics
913,Zoe Powell,Mathematics
914,Amber Rogers,Mechanical Engineering
915,Krista Lee,Computer Science
916,Dana Pierce,Biotechnology
917,Jordan Greene,Biotechnology
918,Sandra Avery,Business Administration
919,Michael Floyd,Psychology
920,Monica Price,Computer Science
921,Kim Thompson,Mechanical Engineering
922,Amanda Bolton,Computer Science
923,Mrs. Renee Jackson DDS,Business Administration
924,Sherri Clark,Business Administration
925,Joseph Jimenez,Psychology
926,Dominique Mcneil,Mathematics
927,Clayton Powell,Computer Science
928,Courtney Harris,Mathematics
929,Melinda Huff,Psychology
930,Chelsea Watkins,Business Administration
931,Sherry Conway,Mechanical Engineering
932,Patrick Bauer,Psychology
933,Amy Lee,Computer Science
934,Dean Evans,Biotechnology
935,Cheryl Kelly,Psychology
936,John Bell,Business Administration
937,Cassidy Gutierrez,Business Administration
938,Alexis Davis,Business Administration
939,Caitlin Contreras,Psychology
940,Robert Liu,Mathematics
941,Sheena Phillips,Computer Science
942,Keith Oliver,Psychology
943,Brandon Delacruz,Mathematics
944,Lori Patel,Computer Science
945,Stacey Ali,Business Administration
946,Sarah Weaver,Mathematics
947,Angela Rivera DDS,Computer Science
948,Jennifer Rangel,Mathematics
949,Eric Hall,Mechanical Engineering
950,Kayla Campbell,Biotechnology
951,Patricia Alvarado,Business Administration
952,Tyler Jimenez,Psychology
953,Paul Rodgers,Biotechnology
954,Stephen Holmes,Business Administration
955,Jessica Fletcher,Mathematics
956,Susan Palmer,Psychology
957,Stacy Hughes,Business Administration
958,Heather Cruz,Biotechnology
959,Joshua Wilson,Computer Science
960,Joseph Shaw,Business Administration
961,Bobby Hurley,Business Administration
962,Bryan Torres,Mechanical Engineering
963,Michele Watkins,Biotechnology
964,Anthony Garcia,Business Administration
965,Jessica Harris,Biotechnology
966,Ashley Perkins,Business Administration
967,Anthony Hamilton,Computer Science
968,Brian Cuevas MD,Biotechnology
969,Shari Carter,Mathematics
970,Carlos Griffith,Computer Science
971,Sylvia Smith,Business Administration
972,Rebecca Nguyen,Mathematics
973,Joe Gray,Mathematics
974,Tammy Palmer,Mathematics
975,Jasmine Mora DVM,Business Administration
976,Whitney Richards,Psychology
977,Lee Roberts Jr.,Mathematics
978,Christina Villa,Psychology
979,Miguel Webb,Mechanical Engineering
980,Samuel Smith,Biotechnology
981,Christina Hanson,Biotechnology
982,Brian Johnson,Business Administration
983,Eric Hancock,Computer Science
984,Sarah Golden,Mechanical Engineering
985,Stephanie Aguilar,Biotechnology
986,John Pittman,Computer Science
987,Andrea Douglas,Business Administration
988,Tiffany Petty,Psychology
989,Ashley Alexander MD,Psychology
990,Rose Hunter,Mathematics
991,Amber Jackson,Mathematics
992,Michael Myers,Business Administration
993,Linda Phillips,Computer Science
994,Samantha Thomas,Mechanical Engineering
995,Teresa Diaz,Biotechnology
996,James Collier,Mechanical Engineering
997,Bryan Dorsey,Mathematics
998,Heidi Johnson,Psychology
999,Austin Walker,Biotechnology
1000,Lauren Trevino,Computer Science
1001,Mary Harris,Computer Science
1002,James Arias,Business Administration
1003,Peter Dixon,Biotechnology
1004,Jennifer Allen,Computer Science
1005,Chelsey Nguyen,Mechanical Engineering
1006,Lori Vincent,Mechanical Engineering
1007,Jaime Cruz,Mechanical Engineering
1008,Timothy Jones,Biotechnology
1009,Christine Khan,Computer Science
1010,Teresa Thompson,Psychology
1011,Ryan Smith,Mechanical Engineering
1012,Jennifer Hayes,Business Administration
1013,Jenny Acevedo,Psychology
1014,Julie Ruiz,Biotechnology
1015,Spencer Phillips,Psychology
1016,Cory Wolf,Psychology
1017,Phillip Butler,Psychology
1018,Juan Watson,Mechanical Engineering
1019,Steve Rodriguez,Mechanical Engineering
1020,Jasmine Walsh,Business Administration
1021,Jeffery Johnson,Mechanical Engineering
1022,Andrew Cunningham,Biotechnology
1023,Luis Villarreal,Mechanical Engineering
1024,Michelle Davis,Business Administration
1025,Bethany Lopez,Business Administration
1026,Maria Harvey,Computer Science
1027,Alyssa Torres,Computer Science
1028,Andrew Smith,Psychology
1029,Tara Gibson,Mathematics
1030,James Marshall,Computer Science
1031,Casey Rodriguez,Psychology
1032,Jasmine Adkins,Business Administration
1033,John Ayers,Biotechnology
1034,Amy Dalton,Biotechnology
1035,Phillip Tran,Business Administration
1036,Lauren Wise,Computer Science
1037,Haley Clark,Business Administration
1038,Martin Lynch,Mechanical Engineering
1039,Cheryl Trujillo,Biotechnology
1040,Gloria Rodriguez,Mechanical Engineering
1041,Angela Paul,Biotechnology
1042,Emily Herring,Computer Science
1043,Derrick Rodriguez,Psychology
1044,John Ford,Business Administration
1045,Jamie Dean,Business Administration
1046,Christina Parks,Mechanical Engineering
1047,Danielle Harris,Business Administration
1048,Christine Livingston,Mathematics
1049,Madison Baxter,Mathematics
1050,Robert Gardner,Business Administration
